,후디
0,에센셜 쿨 코튼 2-PACK 티셔츠
1,011502 폴로 피케 반팔티
2,[ONEMILE WEAR] 2PACK SMALL ARCH TEE WHITE / BLACK
3,(22SS) 2 TONE ARCH TEE WHITE
4,TSHIRT FLOWERMARDI_WHITE GREEN
5,TSHIRT FLOWERMARDI_IVORY NAVY
6,미시간 울버린 피그먼트  반팔티 블랙차콜
7,[패키지] 더블코튼 무지반팔  패키지 KHST1011
8,빅 트위치 로고 티셔츠 화이트
9,포켓반팔티 K87 남여공용 기본티 반팔 모음 (사은품 증정)
10,[처비][10수] 볼드 스트라이프 티 네이비
11,슈무 아치로고 반팔 티셔츠 화이트
12,커스텀 슬림핏 메시 폴로 셔츠 - 화이트
13,[깡스타일리스트 PICK] DSN-Logo Tee White
14,커스텀 슬림핏 메시 폴로 셔츠 - 블랙
15,(22SS) EMBROIDERY UNIVERSITY DAN TEE WHITE
16,BLACK CAT TEE [WHITE]
17,스티브 반팔 카라 티셔츠 WHHAC2414U
18,[김스테파니헤리 착용] TAG KP TEE - BLACK
19,(22SS) 2 TONE ARCH TEE ROYAL BLUE
20,PRDA DENIM PATCH CREWNECK TEE WHITE
21,액티비티 클럽 피그먼트 반팔티 크림
22,TSHIRT FLOWERMARDI_WHITE VIOLET
23,[핏더사이즈PICK] LIFE IS TEE_SURF RIDE TEE_CHARCOAL
24,2PACK 수피마 코튼 티셔츠
25,쿨코튼 2-PACK 베츠 기본 반팔 티셔츠 블랙/화이트
26,듀스 네로 반팔티 화이트
27,커스텀 슬림 핏 코튼 티셔츠 - 블랙
28,[정호연 착용] 여 J218885 YAF 화이트 스트레이트핏 모노그램 로고 반팔 티셔츠
29,TSHIRT FLOWERMARDI_BLACK CREAM
30,[COOL COTTON] 2PACK SMALL ARCH TEE WHITE / BLACK
31,릴렉스 핏 크루 넥 반팔 티셔츠 [화이트]
32,[패키지] 핀스 오버핏 카라 반팔티 2PACK YHST2354
33,[패키지][CHUBBY]EMBROIDERY TEE (5COLOR)
34,IN LOVE TEE(WHITE)
35,베이직 스몰로고 반팔 티셔츠 NY (Black)
36,[Mmlg] 19MG HF-T (WHITE)
37,[박서준 착용] 남 J320770 YAF 화이트 클래식 모노그램 로고 반팔 티셔츠
38,레이어드 크루 넥 반팔 티셔츠_일반 기장 [화이트]
39,EBFD 베츠 반팔 티셔츠 블루
40,VSW Puppy T-Shirts White
41,T-Logo Tee Black
42,[깡스타일리스트 PICK] Racing 22 Tee White
43,남 블랙 레귤러핏 인스티튜셔널 로고 스트레치 반팔 티셔츠 J321612 BEH
44,MIXED BOUCLE KNIT HALF SLEEVE BLACK
45,V.O.C TEE (OLYMPIA)_WHITE
46,W CLASSIC LOGO TEE white
47,[박서준 착용] 남 화이트 레귤러핏 인스티튜셔널 로고 스트레치 반팔 티셔츠 J321612 YAF
48,MATIN KIM LOGO SILKET CROP TOP
49,22S/S 오버핏 피케티셔츠 (블랙)
50,빅 트위치 로고 티셔츠 그린
51,라인 서퍼맨 티셔츠 화이트
52,[깡스타일리스트 PICK] C-Logo Tee White
53,쿨 코튼 2-PACK 티셔츠 화이트
54,럭비 스트라이프 티셔츠 네이비
55,빅 트위치 로고 티셔츠 블랙
56,TSHIRT DDANJI_IVORY
57,N222UPB900 우븐 반팔/반바지 2PACK 세트 CARBON BLACK
58,[패키지] 9TH ANNIVERSARY 3PACK T-SHIRTS EDITION
59,TAG KP TEE - WHITE
60,[깡스타일리스트 PICK] Racing 22 Tee Black
61,남성 로고 패치 코튼 저지 반팔 티셔츠 - 블루 / 761521957V0020
62,더블 엔젤 와펜 반팔 티셔츠 블랙
63,[2PACK] 유니섹스 365 반팔티 세트
64,[깡스타일리스트 PICK] C-Logo Tee Black
65,(22SS) UNIVERSITY DAN TEE WHITE / RED
66,  [쿨탠다드] 피케 폴로 셔츠 [블랙]
67,[송필드 PICK][SET] CGP 아치 로고 반팔 크루넥 셋업_멜란지그레이
68,스몰 사인로고 반팔 티셔츠 블랙
69,[패키지] NYC LOCATION T-SHIRT (16COLOR) [LRQMCTA401M]
70,릴렉스 핏 크루 넥 반팔 티셔츠 [블랙]
71,LMC AEROCOOL S OG TEE 2PACK
72,나폴리 소프트 코튼 폴로 니트 오션 크림
73,카멜 파크 반팔티셔츠(딥그린)
74,[깡스타일리스트 PICK] DSN-Logo Tee Black
75,쿨 케이블 니트 폴로티 네이비
76,T-Logo Tee White
77,[세트] 반팔티+반바지
78,스트라이프 롱슬리브 블랙
79,(우디) 자수 폴로카라 반팔 티셔츠_SPHWC24C04
80,시그니쳐 로고 티셔츠 화이트
81,프리미엄 실켓 하프 슬리브 티셔츠 - 9 COLOR
82,[박서준 착용] 남 J320770 BEH 블랙 클래식 모노그램 로고 반팔 티셔츠
83,[패키지] 2pack 페인트쿨링 피그먼트 반팔 SMST4431
84,[22SS] [패키지] 루이스 박스 반팔티셔츠 2PACK KJST2411
85,스몰 사인로고 반팔 티셔츠  화이트
86,(22SS) UNIVERSITY DAN TEE NAVY / RED
87,서핀 백 프린트 티 셔츠_네이비
88,[깡스타일리스트 PICK] 유니섹스 스마일 어스 엠보더리 티셔츠 atb524u(WHITE)
89,커스텀 슬림 핏 코튼 티셔츠 - 화이트
